[
{
  "fields": {
    "content_type": 1,
    "name": "Can add log entry",
    "codename": "add_logentry"
  },
  "pk": 1,
  "model": "auth.permission"
},
{
  "fields": {
    "content_type": 1,
    "name": "Can change log entry",
    "codename": "change_logentry"
  },
  "pk": 2,
  "model": "auth.permission"
},
{
  "fields": {
    "content_type": 1,
    "name": "Can delete log entry",
    "codename": "delete_logentry"
  },
  "pk": 3,
  "model": "auth.permission"
},
{
  "fields": {
    "content_type": 2,
    "name": "Can add permission",
    "codename": "add_permission"
  },
  "pk": 4,
  "model": "auth.permission"
},
{
  "fields": {
    "content_type": 2,
    "name": "Can change permission",
    "codename": "change_permission"
  },
  "pk": 5,
  "model": "auth.permission"
},
{
  "fields": {
    "content_type": 2,
    "name": "Can delete permission",
    "codename": "delete_permission"
  },
  "pk": 6,
  "model": "auth.permission"
},
{
  "fields": {
    "content_type": 3,
    "name": "Can add group",
    "codename": "add_group"
  },
  "pk": 7,
  "model": "auth.permission"
},
{
  "fields": {
    "content_type": 3,
    "name": "Can change group",
    "codename": "change_group"
  },
  "pk": 8,
  "model": "auth.permission"
},
{
  "fields": {
    "content_type": 3,
    "name": "Can delete group",
    "codename": "delete_group"
  },
  "pk": 9,
  "model": "auth.permission"
},
{
  "fields": {
    "content_type": 4,
    "name": "Can add user",
    "codename": "add_user"
  },
  "pk": 10,
  "model": "auth.permission"
},
{
  "fields": {
    "content_type": 4,
    "name": "Can change user",
    "codename": "change_user"
  },
  "pk": 11,
  "model": "auth.permission"
},
{
  "fields": {
    "content_type": 4,
    "name": "Can delete user",
    "codename": "delete_user"
  },
  "pk": 12,
  "model": "auth.permission"
},
{
  "fields": {
    "content_type": 5,
    "name": "Can add content type",
    "codename": "add_contenttype"
  },
  "pk": 13,
  "model": "auth.permission"
},
{
  "fields": {
    "content_type": 5,
    "name": "Can change content type",
    "codename": "change_contenttype"
  },
  "pk": 14,
  "model": "auth.permission"
},
{
  "fields": {
    "content_type": 5,
    "name": "Can delete content type",
    "codename": "delete_contenttype"
  },
  "pk": 15,
  "model": "auth.permission"
},
{
  "fields": {
    "content_type": 6,
    "name": "Can add session",
    "codename": "add_session"
  },
  "pk": 16,
  "model": "auth.permission"
},
{
  "fields": {
    "content_type": 6,
    "name": "Can change session",
    "codename": "change_session"
  },
  "pk": 17,
  "model": "auth.permission"
},
{
  "fields": {
    "content_type": 6,
    "name": "Can delete session",
    "codename": "delete_session"
  },
  "pk": 18,
  "model": "auth.permission"
},
{
  "fields": {
    "content_type": 7,
    "name": "Can add tgt",
    "codename": "add_tgt"
  },
  "pk": 19,
  "model": "auth.permission"
},
{
  "fields": {
    "content_type": 7,
    "name": "Can change tgt",
    "codename": "change_tgt"
  },
  "pk": 20,
  "model": "auth.permission"
},
{
  "fields": {
    "content_type": 7,
    "name": "Can delete tgt",
    "codename": "delete_tgt"
  },
  "pk": 21,
  "model": "auth.permission"
},
{
  "fields": {
    "content_type": 8,
    "name": "Can add pgt iou",
    "codename": "add_pgtiou"
  },
  "pk": 22,
  "model": "auth.permission"
},
{
  "fields": {
    "content_type": 8,
    "name": "Can change pgt iou",
    "codename": "change_pgtiou"
  },
  "pk": 23,
  "model": "auth.permission"
},
{
  "fields": {
    "content_type": 8,
    "name": "Can delete pgt iou",
    "codename": "delete_pgtiou"
  },
  "pk": 24,
  "model": "auth.permission"
},
{
  "fields": {
    "content_type": 9,
    "name": "Can add booking request",
    "codename": "add_bookingrequest"
  },
  "pk": 25,
  "model": "auth.permission"
},
{
  "fields": {
    "content_type": 9,
    "name": "Can change booking request",
    "codename": "change_bookingrequest"
  },
  "pk": 26,
  "model": "auth.permission"
},
{
  "fields": {
    "content_type": 9,
    "name": "Can delete booking request",
    "codename": "delete_bookingrequest"
  },
  "pk": 27,
  "model": "auth.permission"
},
{
  "fields": {
    "content_type": 10,
    "name": "Can add course",
    "codename": "add_course"
  },
  "pk": 28,
  "model": "auth.permission"
},
{
  "fields": {
    "content_type": 10,
    "name": "Can change course",
    "codename": "change_course"
  },
  "pk": 29,
  "model": "auth.permission"
},
{
  "fields": {
    "content_type": 10,
    "name": "Can delete course",
    "codename": "delete_course"
  },
  "pk": 30,
  "model": "auth.permission"
},
{
  "fields": {
    "content_type": 11,
    "name": "Can add professor",
    "codename": "add_professor"
  },
  "pk": 31,
  "model": "auth.permission"
},
{
  "fields": {
    "content_type": 11,
    "name": "Can change professor",
    "codename": "change_professor"
  },
  "pk": 32,
  "model": "auth.permission"
},
{
  "fields": {
    "content_type": 11,
    "name": "Can delete professor",
    "codename": "delete_professor"
  },
  "pk": 33,
  "model": "auth.permission"
},
{
  "fields": {
    "content_type": 12,
    "name": "Can add exam",
    "codename": "add_exam"
  },
  "pk": 34,
  "model": "auth.permission"
},
{
  "fields": {
    "content_type": 12,
    "name": "Can change exam",
    "codename": "change_exam"
  },
  "pk": 35,
  "model": "auth.permission"
},
{
  "fields": {
    "content_type": 12,
    "name": "Can delete exam",
    "codename": "delete_exam"
  },
  "pk": 36,
  "model": "auth.permission"
},
{
  "fields": {
    "content_type": 13,
    "name": "Can add course evaluation",
    "codename": "add_courseevaluation"
  },
  "pk": 37,
  "model": "auth.permission"
},
{
  "fields": {
    "content_type": 13,
    "name": "Can change course evaluation",
    "codename": "change_courseevaluation"
  },
  "pk": 38,
  "model": "auth.permission"
},
{
  "fields": {
    "content_type": 13,
    "name": "Can delete course evaluation",
    "codename": "delete_courseevaluation"
  },
  "pk": 39,
  "model": "auth.permission"
},
{
  "fields": {
    "content_type": 14,
    "name": "Can add comment",
    "codename": "add_comment"
  },
  "pk": 40,
  "model": "auth.permission"
},
{
  "fields": {
    "content_type": 14,
    "name": "Can change comment",
    "codename": "change_comment"
  },
  "pk": 41,
  "model": "auth.permission"
},
{
  "fields": {
    "content_type": 14,
    "name": "Can delete comment",
    "codename": "delete_comment"
  },
  "pk": 42,
  "model": "auth.permission"
},
{
  "fields": {
    "content_type": 15,
    "name": "Can add locker",
    "codename": "add_locker"
  },
  "pk": 43,
  "model": "auth.permission"
},
{
  "fields": {
    "content_type": 15,
    "name": "Can change locker",
    "codename": "change_locker"
  },
  "pk": 44,
  "model": "auth.permission"
},
{
  "fields": {
    "content_type": 15,
    "name": "Can delete locker",
    "codename": "delete_locker"
  },
  "pk": 45,
  "model": "auth.permission"
},
{
  "fields": {
    "content_type": 16,
    "name": "Can add member",
    "codename": "add_member"
  },
  "pk": 46,
  "model": "auth.permission"
},
{
  "fields": {
    "content_type": 16,
    "name": "Can change member",
    "codename": "change_member"
  },
  "pk": 47,
  "model": "auth.permission"
},
{
  "fields": {
    "content_type": 16,
    "name": "Can delete member",
    "codename": "delete_member"
  },
  "pk": 48,
  "model": "auth.permission"
},
{
  "fields": {
    "content_type": 17,
    "name": "Can add announcement",
    "codename": "add_announcement"
  },
  "pk": 49,
  "model": "auth.permission"
},
{
  "fields": {
    "content_type": 17,
    "name": "Can change announcement",
    "codename": "change_announcement"
  },
  "pk": 50,
  "model": "auth.permission"
},
{
  "fields": {
    "content_type": 17,
    "name": "Can delete announcement",
    "codename": "delete_announcement"
  },
  "pk": 51,
  "model": "auth.permission"
},
{
  "fields": {
    "content_type": 18,
    "name": "Can add base org",
    "codename": "add_baseorg"
  },
  "pk": 52,
  "model": "auth.permission"
},
{
  "fields": {
    "content_type": 18,
    "name": "Can change base org",
    "codename": "change_baseorg"
  },
  "pk": 53,
  "model": "auth.permission"
},
{
  "fields": {
    "content_type": 18,
    "name": "Can delete base org",
    "codename": "delete_baseorg"
  },
  "pk": 54,
  "model": "auth.permission"
},
{
  "fields": {
    "content_type": 19,
    "name": "Can add organization",
    "codename": "add_organization"
  },
  "pk": 55,
  "model": "auth.permission"
},
{
  "fields": {
    "content_type": 19,
    "name": "Can change organization",
    "codename": "change_organization"
  },
  "pk": 56,
  "model": "auth.permission"
},
{
  "fields": {
    "content_type": 19,
    "name": "Can delete organization",
    "codename": "delete_organization"
  },
  "pk": 57,
  "model": "auth.permission"
},
{
  "fields": {
    "content_type": 20,
    "name": "Can add club",
    "codename": "add_club"
  },
  "pk": 58,
  "model": "auth.permission"
},
{
  "fields": {
    "content_type": 20,
    "name": "Can change club",
    "codename": "change_club"
  },
  "pk": 59,
  "model": "auth.permission"
},
{
  "fields": {
    "content_type": 20,
    "name": "Can delete club",
    "codename": "delete_club"
  },
  "pk": 60,
  "model": "auth.permission"
},
{
  "fields": {
    "content_type": 21,
    "name": "Can add organization document",
    "codename": "add_organizationdocument"
  },
  "pk": 61,
  "model": "auth.permission"
},
{
  "fields": {
    "content_type": 21,
    "name": "Can change organization document",
    "codename": "change_organizationdocument"
  },
  "pk": 62,
  "model": "auth.permission"
},
{
  "fields": {
    "content_type": 21,
    "name": "Can delete organization document",
    "codename": "delete_organizationdocument"
  },
  "pk": 63,
  "model": "auth.permission"
},
{
  "fields": {
    "content_type": 22,
    "name": "Can add position",
    "codename": "add_position"
  },
  "pk": 64,
  "model": "auth.permission"
},
{
  "fields": {
    "content_type": 22,
    "name": "Can change position",
    "codename": "change_position"
  },
  "pk": 65,
  "model": "auth.permission"
},
{
  "fields": {
    "content_type": 22,
    "name": "Can delete position",
    "codename": "delete_position"
  },
  "pk": 66,
  "model": "auth.permission"
},
{
  "fields": {
    "content_type": 23,
    "name": "Can add position holder",
    "codename": "add_positionholder"
  },
  "pk": 67,
  "model": "auth.permission"
},
{
  "fields": {
    "content_type": 23,
    "name": "Can change position holder",
    "codename": "change_positionholder"
  },
  "pk": 68,
  "model": "auth.permission"
},
{
  "fields": {
    "content_type": 23,
    "name": "Can delete position holder",
    "codename": "delete_positionholder"
  },
  "pk": 69,
  "model": "auth.permission"
},
{
  "fields": {
    "content_type": 24,
    "name": "Can add scholarship",
    "codename": "add_scholarship"
  },
  "pk": 70,
  "model": "auth.permission"
},
{
  "fields": {
    "content_type": 24,
    "name": "Can change scholarship",
    "codename": "change_scholarship"
  },
  "pk": 71,
  "model": "auth.permission"
},
{
  "fields": {
    "content_type": 24,
    "name": "Can delete scholarship",
    "codename": "delete_scholarship"
  },
  "pk": 72,
  "model": "auth.permission"
},
{
  "fields": {
    "content_type": 25,
    "name": "Can add meeting",
    "codename": "add_meeting"
  },
  "pk": 73,
  "model": "auth.permission"
},
{
  "fields": {
    "content_type": 25,
    "name": "Can change meeting",
    "codename": "change_meeting"
  },
  "pk": 74,
  "model": "auth.permission"
},
{
  "fields": {
    "content_type": 25,
    "name": "Can delete meeting",
    "codename": "delete_meeting"
  },
  "pk": 75,
  "model": "auth.permission"
},
{
  "fields": {
    "content_type": 26,
    "name": "Can add log",
    "codename": "add_log"
  },
  "pk": 76,
  "model": "auth.permission"
},
{
  "fields": {
    "content_type": 26,
    "name": "Can change log",
    "codename": "change_log"
  },
  "pk": 77,
  "model": "auth.permission"
},
{
  "fields": {
    "content_type": 26,
    "name": "Can delete log",
    "codename": "delete_log"
  },
  "pk": 78,
  "model": "auth.permission"
},
{
  "fields": {
    "content_type": 27,
    "name": "Can add user object permission",
    "codename": "add_userobjectpermission"
  },
  "pk": 79,
  "model": "auth.permission"
},
{
  "fields": {
    "content_type": 27,
    "name": "Can change user object permission",
    "codename": "change_userobjectpermission"
  },
  "pk": 80,
  "model": "auth.permission"
},
{
  "fields": {
    "content_type": 27,
    "name": "Can delete user object permission",
    "codename": "delete_userobjectpermission"
  },
  "pk": 81,
  "model": "auth.permission"
},
{
  "fields": {
    "content_type": 28,
    "name": "Can add group object permission",
    "codename": "add_groupobjectpermission"
  },
  "pk": 82,
  "model": "auth.permission"
},
{
  "fields": {
    "content_type": 28,
    "name": "Can change group object permission",
    "codename": "change_groupobjectpermission"
  },
  "pk": 83,
  "model": "auth.permission"
},
{
  "fields": {
    "content_type": 28,
    "name": "Can delete group object permission",
    "codename": "delete_groupobjectpermission"
  },
  "pk": 84,
  "model": "auth.permission"
},
{
  "fields": {
    "content_type": 17,
    "name": "Can promote announcements to reach all MathSoc members (rather than members of org)",
    "codename": "can_promote"
  },
  "pk": 85,
  "model": "auth.permission"
},
{
  "fields": {
    "content_type": 18,
    "name": "Can post announcements belonging to org",
    "codename": "add_announcements"
  },
  "pk": 86,
  "model": "auth.permission"
},
{
  "fields": {
    "content_type": 18,
    "name": "Can edit announcements belonging to org",
    "codename": "manage_announcement"
  },
  "pk": 87,
  "model": "auth.permission"
},
{
  "fields": {
    "content_type": 18,
    "name": "Can attach members to positions/add members in the org",
    "codename": "attach_positions"
  },
  "pk": 88,
  "model": "auth.permission"
},
{
  "fields": {
    "content_type": 18,
    "name": "Can add meetings to the org",
    "codename": "add_meetings"
  },
  "pk": 89,
  "model": "auth.permission"
},
{
  "fields": {
    "content_type": 18,
    "name": "Can manage meetings (not created by themselves) within the org",
    "codename": "manage_meetings"
  },
  "pk": 90,
  "model": "auth.permission"
},
{
  "fields": {
    "content_type": 18,
    "name": "Can add documents beloging to the org",
    "codename": "add_documents"
  },
  "pk": 91,
  "model": "auth.permission"
},
{
  "fields": {
    "content_type": 18,
    "name": "Can manage documents belonging to the org",
    "codename": "manage_documents"
  },
  "pk": 92,
  "model": "auth.permission"
},
{
  "fields": {
    "content_type": 19,
    "name": "Can post announcements belonging to org",
    "codename": "add_announcements"
  },
  "pk": 93,
  "model": "auth.permission"
},
{
  "fields": {
    "content_type": 19,
    "name": "Can edit announcements belonging to org",
    "codename": "manage_announcement"
  },
  "pk": 94,
  "model": "auth.permission"
},
{
  "fields": {
    "content_type": 19,
    "name": "Can attach members to positions/add members in the org",
    "codename": "attach_positions"
  },
  "pk": 95,
  "model": "auth.permission"
},
{
  "fields": {
    "content_type": 19,
    "name": "Can add meetings to the org",
    "codename": "add_meetings"
  },
  "pk": 96,
  "model": "auth.permission"
},
{
  "fields": {
    "content_type": 19,
    "name": "Can manage meetings (not created by themselves) within the org",
    "codename": "manage_meetings"
  },
  "pk": 97,
  "model": "auth.permission"
},
{
  "fields": {
    "content_type": 19,
    "name": "Can add documents beloging to the org",
    "codename": "add_documents"
  },
  "pk": 98,
  "model": "auth.permission"
},
{
  "fields": {
    "content_type": 19,
    "name": "Can manage documents belonging to the org",
    "codename": "manage_documents"
  },
  "pk": 99,
  "model": "auth.permission"
},
{
  "fields": {
    "content_type": 20,
    "name": "Can post announcements belonging to org",
    "codename": "add_announcements"
  },
  "pk": 100,
  "model": "auth.permission"
},
{
  "fields": {
    "content_type": 20,
    "name": "Can edit announcements belonging to org",
    "codename": "manage_announcement"
  },
  "pk": 101,
  "model": "auth.permission"
},
{
  "fields": {
    "content_type": 20,
    "name": "Can attach members to positions/add members in the org",
    "codename": "attach_positions"
  },
  "pk": 102,
  "model": "auth.permission"
},
{
  "fields": {
    "content_type": 20,
    "name": "Can add meetings to the org",
    "codename": "add_meetings"
  },
  "pk": 103,
  "model": "auth.permission"
},
{
  "fields": {
    "content_type": 20,
    "name": "Can manage meetings (not created by themselves) within the org",
    "codename": "manage_meetings"
  },
  "pk": 104,
  "model": "auth.permission"
},
{
  "fields": {
    "content_type": 20,
    "name": "Can add documents beloging to the org",
    "codename": "add_documents"
  },
  "pk": 105,
  "model": "auth.permission"
},
{
  "fields": {
    "content_type": 20,
    "name": "Can manage documents belonging to the org",
    "codename": "manage_documents"
  },
  "pk": 106,
  "model": "auth.permission"
},
{
  "fields": {
    "permissions": [],
    "name": "Office Manager"
  },
  "pk": 1,
  "model": "auth.group"
},
{
  "fields": {
    "permissions": [],
    "name": "Council Organizer"
  },
  "pk": 2,
  "model": "auth.group"
},
{
  "fields": {
    "permissions": [],
    "name": "Actuarial Sciences Club Directors"
  },
  "pk": 5,
  "model": "auth.group"
},
{
  "fields": {
    "permissions": [],
    "name": "Actuarial Sciences Club Exec"
  },
  "pk": 6,
  "model": "auth.group"
},
{
  "fields": {
    "permissions": [],
    "name": "Bioinformatics Club Directors"
  },
  "pk": 7,
  "model": "auth.group"
},
{
  "fields": {
    "permissions": [],
    "name": "Bioinformatics Club Exec"
  },
  "pk": 8,
  "model": "auth.group"
},
{
  "fields": {
    "permissions": [],
    "name": "Computer Science Club Directors"
  },
  "pk": 9,
  "model": "auth.group"
},
{
  "fields": {
    "permissions": [],
    "name": "Computer Science Club Exec"
  },
  "pk": 10,
  "model": "auth.group"
},
{
  "fields": {
    "permissions": [],
    "name": "Double Degree Club Directors"
  },
  "pk": 11,
  "model": "auth.group"
},
{
  "fields": {
    "permissions": [],
    "name": "Double Degree Club Exec"
  },
  "pk": 12,
  "model": "auth.group"
},
{
  "fields": {
    "permissions": [],
    "name": "Financial Analysis or Risk Management Student Association Directors"
  },
  "pk": 13,
  "model": "auth.group"
},
{
  "fields": {
    "permissions": [],
    "name": "Financial Analysis or Risk Management Student Association Exec"
  },
  "pk": 14,
  "model": "auth.group"
},
{
  "fields": {
    "permissions": [],
    "name": "Pure Math, Applied Math and Combinatorial Optimization Club Directors"
  },
  "pk": 15,
  "model": "auth.group"
},
{
  "fields": {
    "permissions": [],
    "name": "Pure Math, Applied Math and Combinatorial Optimization Club Exec"
  },
  "pk": 16,
  "model": "auth.group"
},
{
  "fields": {
    "permissions": [],
    "name": "Statistics Club Directors"
  },
  "pk": 17,
  "model": "auth.group"
},
{
  "fields": {
    "permissions": [],
    "name": "Statistics Club Exec"
  },
  "pk": 18,
  "model": "auth.group"
},
{
  "fields": {
    "permissions": [],
    "name": "Teaching Students' Association Directors"
  },
  "pk": 19,
  "model": "auth.group"
},
{
  "fields": {
    "permissions": [],
    "name": "Teaching Students' Association Exec"
  },
  "pk": 20,
  "model": "auth.group"
},
{
  "fields": {
    "permissions": [],
    "name": "Mathematical Finance Student Association Directors"
  },
  "pk": 21,
  "model": "auth.group"
},
{
  "fields": {
    "permissions": [],
    "name": "Mathematical Finance Student Association Exec"
  },
  "pk": 22,
  "model": "auth.group"
},
{
  "fields": {
    "permissions": [
      26,
      49,
      85,
      50,
      51,
      100,
      105,
      103,
      102,
      101,
      106,
      104,
      73,
      74,
      75,
      93,
      98,
      96,
      95,
      94,
      99,
      97,
      61,
      62,
      63,
      70,
      71,
      72,
      40,
      41,
      42,
      28,
      29,
      30,
      37,
      38,
      39,
      34,
      35,
      36,
      31,
      32,
      33
    ],
    "name": "Exec Assistant"
  },
  "pk": 23,
  "model": "auth.group"
},
{
  "fields": {
    "permissions": [
      85
    ],
    "name": "Elections Director"
  },
  "pk": 24,
  "model": "auth.group"
},
{
  "fields": {
    "permissions": [],
    "name": "Council Representative"
  },
  "pk": 25,
  "model": "auth.group"
},
{
  "fields": {
    "permissions": [
      85
    ],
    "name": "MathSoc Directors"
  },
  "pk": 26,
  "model": "auth.group"
},
{
  "fields": {
    "permissions": [
      85,
      93,
      98,
      96,
      95,
      94,
      99,
      97,
      61,
      62,
      63,
      70,
      71,
      72,
      40,
      41,
      42,
      28,
      29,
      30,
      37,
      38,
      39,
      34,
      35,
      36,
      31,
      32,
      33
    ],
    "name": "Vice President Academic"
  },
  "pk": 27,
  "model": "auth.group"
},
{
  "fields": {
    "permissions": [
      26,
      49,
      85,
      50,
      51,
      100,
      105,
      103,
      102,
      101,
      106,
      104,
      73,
      74,
      75,
      93,
      98,
      96,
      95,
      94,
      99,
      97,
      61,
      62,
      63
    ],
    "name": "Vice President Internal"
  },
  "pk": 28,
  "model": "auth.group"
},
{
  "fields": {
    "permissions": [
      85,
      73,
      74,
      75,
      93,
      98,
      96,
      95,
      94,
      99,
      97,
      61,
      62,
      63
    ],
    "name": "Vice President Finance"
  },
  "pk": 29,
  "model": "auth.group"
},
{
  "fields": {
    "permission": 100,
    "content_type": 20,
    "group": 6,
    "object_pk": "3"
  },
  "pk": 1,
  "model": "guardian.groupobjectpermission"
},
{
  "fields": {
    "permission": 100,
    "content_type": 20,
    "group": 5,
    "object_pk": "3"
  },
  "pk": 2,
  "model": "guardian.groupobjectpermission"
},
{
  "fields": {
    "permission": 103,
    "content_type": 20,
    "group": 6,
    "object_pk": "3"
  },
  "pk": 3,
  "model": "guardian.groupobjectpermission"
},
{
  "fields": {
    "permission": 103,
    "content_type": 20,
    "group": 5,
    "object_pk": "3"
  },
  "pk": 4,
  "model": "guardian.groupobjectpermission"
},
{
  "fields": {
    "permission": 105,
    "content_type": 20,
    "group": 6,
    "object_pk": "3"
  },
  "pk": 5,
  "model": "guardian.groupobjectpermission"
},
{
  "fields": {
    "permission": 105,
    "content_type": 20,
    "group": 5,
    "object_pk": "3"
  },
  "pk": 6,
  "model": "guardian.groupobjectpermission"
},
{
  "fields": {
    "permission": 100,
    "content_type": 20,
    "group": 8,
    "object_pk": "4"
  },
  "pk": 7,
  "model": "guardian.groupobjectpermission"
},
{
  "fields": {
    "permission": 100,
    "content_type": 20,
    "group": 7,
    "object_pk": "4"
  },
  "pk": 8,
  "model": "guardian.groupobjectpermission"
},
{
  "fields": {
    "permission": 103,
    "content_type": 20,
    "group": 8,
    "object_pk": "4"
  },
  "pk": 9,
  "model": "guardian.groupobjectpermission"
},
{
  "fields": {
    "permission": 103,
    "content_type": 20,
    "group": 7,
    "object_pk": "4"
  },
  "pk": 10,
  "model": "guardian.groupobjectpermission"
},
{
  "fields": {
    "permission": 105,
    "content_type": 20,
    "group": 8,
    "object_pk": "4"
  },
  "pk": 11,
  "model": "guardian.groupobjectpermission"
},
{
  "fields": {
    "permission": 105,
    "content_type": 20,
    "group": 7,
    "object_pk": "4"
  },
  "pk": 12,
  "model": "guardian.groupobjectpermission"
},
{
  "fields": {
    "permission": 100,
    "content_type": 20,
    "group": 10,
    "object_pk": "5"
  },
  "pk": 13,
  "model": "guardian.groupobjectpermission"
},
{
  "fields": {
    "permission": 100,
    "content_type": 20,
    "group": 9,
    "object_pk": "5"
  },
  "pk": 14,
  "model": "guardian.groupobjectpermission"
},
{
  "fields": {
    "permission": 103,
    "content_type": 20,
    "group": 10,
    "object_pk": "5"
  },
  "pk": 15,
  "model": "guardian.groupobjectpermission"
},
{
  "fields": {
    "permission": 103,
    "content_type": 20,
    "group": 9,
    "object_pk": "5"
  },
  "pk": 16,
  "model": "guardian.groupobjectpermission"
},
{
  "fields": {
    "permission": 105,
    "content_type": 20,
    "group": 10,
    "object_pk": "5"
  },
  "pk": 17,
  "model": "guardian.groupobjectpermission"
},
{
  "fields": {
    "permission": 105,
    "content_type": 20,
    "group": 9,
    "object_pk": "5"
  },
  "pk": 18,
  "model": "guardian.groupobjectpermission"
},
{
  "fields": {
    "permission": 100,
    "content_type": 20,
    "group": 12,
    "object_pk": "6"
  },
  "pk": 19,
  "model": "guardian.groupobjectpermission"
},
{
  "fields": {
    "permission": 100,
    "content_type": 20,
    "group": 11,
    "object_pk": "6"
  },
  "pk": 20,
  "model": "guardian.groupobjectpermission"
},
{
  "fields": {
    "permission": 103,
    "content_type": 20,
    "group": 12,
    "object_pk": "6"
  },
  "pk": 21,
  "model": "guardian.groupobjectpermission"
},
{
  "fields": {
    "permission": 103,
    "content_type": 20,
    "group": 11,
    "object_pk": "6"
  },
  "pk": 22,
  "model": "guardian.groupobjectpermission"
},
{
  "fields": {
    "permission": 105,
    "content_type": 20,
    "group": 12,
    "object_pk": "6"
  },
  "pk": 23,
  "model": "guardian.groupobjectpermission"
},
{
  "fields": {
    "permission": 105,
    "content_type": 20,
    "group": 11,
    "object_pk": "6"
  },
  "pk": 24,
  "model": "guardian.groupobjectpermission"
},
{
  "fields": {
    "permission": 100,
    "content_type": 20,
    "group": 14,
    "object_pk": "7"
  },
  "pk": 25,
  "model": "guardian.groupobjectpermission"
},
{
  "fields": {
    "permission": 100,
    "content_type": 20,
    "group": 13,
    "object_pk": "7"
  },
  "pk": 26,
  "model": "guardian.groupobjectpermission"
},
{
  "fields": {
    "permission": 103,
    "content_type": 20,
    "group": 14,
    "object_pk": "7"
  },
  "pk": 27,
  "model": "guardian.groupobjectpermission"
},
{
  "fields": {
    "permission": 103,
    "content_type": 20,
    "group": 13,
    "object_pk": "7"
  },
  "pk": 28,
  "model": "guardian.groupobjectpermission"
},
{
  "fields": {
    "permission": 105,
    "content_type": 20,
    "group": 14,
    "object_pk": "7"
  },
  "pk": 29,
  "model": "guardian.groupobjectpermission"
},
{
  "fields": {
    "permission": 105,
    "content_type": 20,
    "group": 13,
    "object_pk": "7"
  },
  "pk": 30,
  "model": "guardian.groupobjectpermission"
},
{
  "fields": {
    "permission": 100,
    "content_type": 20,
    "group": 16,
    "object_pk": "8"
  },
  "pk": 31,
  "model": "guardian.groupobjectpermission"
},
{
  "fields": {
    "permission": 100,
    "content_type": 20,
    "group": 15,
    "object_pk": "8"
  },
  "pk": 32,
  "model": "guardian.groupobjectpermission"
},
{
  "fields": {
    "permission": 103,
    "content_type": 20,
    "group": 16,
    "object_pk": "8"
  },
  "pk": 33,
  "model": "guardian.groupobjectpermission"
},
{
  "fields": {
    "permission": 103,
    "content_type": 20,
    "group": 15,
    "object_pk": "8"
  },
  "pk": 34,
  "model": "guardian.groupobjectpermission"
},
{
  "fields": {
    "permission": 105,
    "content_type": 20,
    "group": 16,
    "object_pk": "8"
  },
  "pk": 35,
  "model": "guardian.groupobjectpermission"
},
{
  "fields": {
    "permission": 105,
    "content_type": 20,
    "group": 15,
    "object_pk": "8"
  },
  "pk": 36,
  "model": "guardian.groupobjectpermission"
},
{
  "fields": {
    "permission": 100,
    "content_type": 20,
    "group": 18,
    "object_pk": "9"
  },
  "pk": 37,
  "model": "guardian.groupobjectpermission"
},
{
  "fields": {
    "permission": 100,
    "content_type": 20,
    "group": 17,
    "object_pk": "9"
  },
  "pk": 38,
  "model": "guardian.groupobjectpermission"
},
{
  "fields": {
    "permission": 103,
    "content_type": 20,
    "group": 18,
    "object_pk": "9"
  },
  "pk": 39,
  "model": "guardian.groupobjectpermission"
},
{
  "fields": {
    "permission": 103,
    "content_type": 20,
    "group": 17,
    "object_pk": "9"
  },
  "pk": 40,
  "model": "guardian.groupobjectpermission"
},
{
  "fields": {
    "permission": 105,
    "content_type": 20,
    "group": 18,
    "object_pk": "9"
  },
  "pk": 41,
  "model": "guardian.groupobjectpermission"
},
{
  "fields": {
    "permission": 105,
    "content_type": 20,
    "group": 17,
    "object_pk": "9"
  },
  "pk": 42,
  "model": "guardian.groupobjectpermission"
},
{
  "fields": {
    "permission": 100,
    "content_type": 20,
    "group": 20,
    "object_pk": "10"
  },
  "pk": 43,
  "model": "guardian.groupobjectpermission"
},
{
  "fields": {
    "permission": 100,
    "content_type": 20,
    "group": 19,
    "object_pk": "10"
  },
  "pk": 44,
  "model": "guardian.groupobjectpermission"
},
{
  "fields": {
    "permission": 103,
    "content_type": 20,
    "group": 20,
    "object_pk": "10"
  },
  "pk": 45,
  "model": "guardian.groupobjectpermission"
},
{
  "fields": {
    "permission": 103,
    "content_type": 20,
    "group": 19,
    "object_pk": "10"
  },
  "pk": 46,
  "model": "guardian.groupobjectpermission"
},
{
  "fields": {
    "permission": 105,
    "content_type": 20,
    "group": 20,
    "object_pk": "10"
  },
  "pk": 47,
  "model": "guardian.groupobjectpermission"
},
{
  "fields": {
    "permission": 105,
    "content_type": 20,
    "group": 19,
    "object_pk": "10"
  },
  "pk": 48,
  "model": "guardian.groupobjectpermission"
},
{
  "fields": {
    "permission": 100,
    "content_type": 20,
    "group": 22,
    "object_pk": "11"
  },
  "pk": 49,
  "model": "guardian.groupobjectpermission"
},
{
  "fields": {
    "permission": 100,
    "content_type": 20,
    "group": 21,
    "object_pk": "11"
  },
  "pk": 50,
  "model": "guardian.groupobjectpermission"
},
{
  "fields": {
    "permission": 103,
    "content_type": 20,
    "group": 22,
    "object_pk": "11"
  },
  "pk": 51,
  "model": "guardian.groupobjectpermission"
},
{
  "fields": {
    "permission": 103,
    "content_type": 20,
    "group": 21,
    "object_pk": "11"
  },
  "pk": 52,
  "model": "guardian.groupobjectpermission"
},
{
  "fields": {
    "permission": 105,
    "content_type": 20,
    "group": 22,
    "object_pk": "11"
  },
  "pk": 53,
  "model": "guardian.groupobjectpermission"
},
{
  "fields": {
    "permission": 105,
    "content_type": 20,
    "group": 21,
    "object_pk": "11"
  },
  "pk": 54,
  "model": "guardian.groupobjectpermission"
},
{
  "fields": {
    "permission": 106,
    "content_type": 20,
    "group": 5,
    "object_pk": "3"
  },
  "pk": 55,
  "model": "guardian.groupobjectpermission"
},
{
  "fields": {
    "permission": 101,
    "content_type": 20,
    "group": 5,
    "object_pk": "3"
  },
  "pk": 56,
  "model": "guardian.groupobjectpermission"
},
{
  "fields": {
    "permission": 104,
    "content_type": 20,
    "group": 5,
    "object_pk": "3"
  },
  "pk": 57,
  "model": "guardian.groupobjectpermission"
},
{
  "fields": {
    "permission": 102,
    "content_type": 20,
    "group": 5,
    "object_pk": "3"
  },
  "pk": 58,
  "model": "guardian.groupobjectpermission"
},
{
  "fields": {
    "permission": 59,
    "content_type": 20,
    "group": 5,
    "object_pk": "3"
  },
  "pk": 59,
  "model": "guardian.groupobjectpermission"
},
{
  "fields": {
    "permission": 106,
    "content_type": 20,
    "group": 7,
    "object_pk": "4"
  },
  "pk": 60,
  "model": "guardian.groupobjectpermission"
},
{
  "fields": {
    "permission": 101,
    "content_type": 20,
    "group": 7,
    "object_pk": "4"
  },
  "pk": 61,
  "model": "guardian.groupobjectpermission"
},
{
  "fields": {
    "permission": 104,
    "content_type": 20,
    "group": 7,
    "object_pk": "4"
  },
  "pk": 62,
  "model": "guardian.groupobjectpermission"
},
{
  "fields": {
    "permission": 102,
    "content_type": 20,
    "group": 7,
    "object_pk": "4"
  },
  "pk": 63,
  "model": "guardian.groupobjectpermission"
},
{
  "fields": {
    "permission": 59,
    "content_type": 20,
    "group": 7,
    "object_pk": "4"
  },
  "pk": 64,
  "model": "guardian.groupobjectpermission"
},
{
  "fields": {
    "permission": 106,
    "content_type": 20,
    "group": 9,
    "object_pk": "5"
  },
  "pk": 65,
  "model": "guardian.groupobjectpermission"
},
{
  "fields": {
    "permission": 101,
    "content_type": 20,
    "group": 9,
    "object_pk": "5"
  },
  "pk": 66,
  "model": "guardian.groupobjectpermission"
},
{
  "fields": {
    "permission": 104,
    "content_type": 20,
    "group": 9,
    "object_pk": "5"
  },
  "pk": 67,
  "model": "guardian.groupobjectpermission"
},
{
  "fields": {
    "permission": 102,
    "content_type": 20,
    "group": 9,
    "object_pk": "5"
  },
  "pk": 68,
  "model": "guardian.groupobjectpermission"
},
{
  "fields": {
    "permission": 59,
    "content_type": 20,
    "group": 9,
    "object_pk": "5"
  },
  "pk": 69,
  "model": "guardian.groupobjectpermission"
},
{
  "fields": {
    "permission": 106,
    "content_type": 20,
    "group": 11,
    "object_pk": "6"
  },
  "pk": 70,
  "model": "guardian.groupobjectpermission"
},
{
  "fields": {
    "permission": 101,
    "content_type": 20,
    "group": 11,
    "object_pk": "6"
  },
  "pk": 71,
  "model": "guardian.groupobjectpermission"
},
{
  "fields": {
    "permission": 104,
    "content_type": 20,
    "group": 11,
    "object_pk": "6"
  },
  "pk": 72,
  "model": "guardian.groupobjectpermission"
},
{
  "fields": {
    "permission": 102,
    "content_type": 20,
    "group": 11,
    "object_pk": "6"
  },
  "pk": 73,
  "model": "guardian.groupobjectpermission"
},
{
  "fields": {
    "permission": 59,
    "content_type": 20,
    "group": 11,
    "object_pk": "6"
  },
  "pk": 74,
  "model": "guardian.groupobjectpermission"
},
{
  "fields": {
    "permission": 106,
    "content_type": 20,
    "group": 13,
    "object_pk": "7"
  },
  "pk": 75,
  "model": "guardian.groupobjectpermission"
},
{
  "fields": {
    "permission": 101,
    "content_type": 20,
    "group": 13,
    "object_pk": "7"
  },
  "pk": 76,
  "model": "guardian.groupobjectpermission"
},
{
  "fields": {
    "permission": 104,
    "content_type": 20,
    "group": 13,
    "object_pk": "7"
  },
  "pk": 77,
  "model": "guardian.groupobjectpermission"
},
{
  "fields": {
    "permission": 102,
    "content_type": 20,
    "group": 13,
    "object_pk": "7"
  },
  "pk": 78,
  "model": "guardian.groupobjectpermission"
},
{
  "fields": {
    "permission": 59,
    "content_type": 20,
    "group": 13,
    "object_pk": "7"
  },
  "pk": 79,
  "model": "guardian.groupobjectpermission"
},
{
  "fields": {
    "permission": 106,
    "content_type": 20,
    "group": 15,
    "object_pk": "8"
  },
  "pk": 80,
  "model": "guardian.groupobjectpermission"
},
{
  "fields": {
    "permission": 101,
    "content_type": 20,
    "group": 15,
    "object_pk": "8"
  },
  "pk": 81,
  "model": "guardian.groupobjectpermission"
},
{
  "fields": {
    "permission": 104,
    "content_type": 20,
    "group": 15,
    "object_pk": "8"
  },
  "pk": 82,
  "model": "guardian.groupobjectpermission"
},
{
  "fields": {
    "permission": 102,
    "content_type": 20,
    "group": 15,
    "object_pk": "8"
  },
  "pk": 83,
  "model": "guardian.groupobjectpermission"
},
{
  "fields": {
    "permission": 59,
    "content_type": 20,
    "group": 15,
    "object_pk": "8"
  },
  "pk": 84,
  "model": "guardian.groupobjectpermission"
},
{
  "fields": {
    "permission": 106,
    "content_type": 20,
    "group": 17,
    "object_pk": "9"
  },
  "pk": 85,
  "model": "guardian.groupobjectpermission"
},
{
  "fields": {
    "permission": 101,
    "content_type": 20,
    "group": 17,
    "object_pk": "9"
  },
  "pk": 86,
  "model": "guardian.groupobjectpermission"
},
{
  "fields": {
    "permission": 104,
    "content_type": 20,
    "group": 17,
    "object_pk": "9"
  },
  "pk": 87,
  "model": "guardian.groupobjectpermission"
},
{
  "fields": {
    "permission": 102,
    "content_type": 20,
    "group": 17,
    "object_pk": "9"
  },
  "pk": 88,
  "model": "guardian.groupobjectpermission"
},
{
  "fields": {
    "permission": 59,
    "content_type": 20,
    "group": 17,
    "object_pk": "9"
  },
  "pk": 89,
  "model": "guardian.groupobjectpermission"
},
{
  "fields": {
    "permission": 106,
    "content_type": 20,
    "group": 19,
    "object_pk": "10"
  },
  "pk": 90,
  "model": "guardian.groupobjectpermission"
},
{
  "fields": {
    "permission": 101,
    "content_type": 20,
    "group": 19,
    "object_pk": "10"
  },
  "pk": 91,
  "model": "guardian.groupobjectpermission"
},
{
  "fields": {
    "permission": 104,
    "content_type": 20,
    "group": 19,
    "object_pk": "10"
  },
  "pk": 92,
  "model": "guardian.groupobjectpermission"
},
{
  "fields": {
    "permission": 102,
    "content_type": 20,
    "group": 19,
    "object_pk": "10"
  },
  "pk": 93,
  "model": "guardian.groupobjectpermission"
},
{
  "fields": {
    "permission": 59,
    "content_type": 20,
    "group": 19,
    "object_pk": "10"
  },
  "pk": 94,
  "model": "guardian.groupobjectpermission"
},
{
  "fields": {
    "permission": 106,
    "content_type": 20,
    "group": 21,
    "object_pk": "11"
  },
  "pk": 95,
  "model": "guardian.groupobjectpermission"
},
{
  "fields": {
    "permission": 101,
    "content_type": 20,
    "group": 21,
    "object_pk": "11"
  },
  "pk": 96,
  "model": "guardian.groupobjectpermission"
},
{
  "fields": {
    "permission": 104,
    "content_type": 20,
    "group": 21,
    "object_pk": "11"
  },
  "pk": 97,
  "model": "guardian.groupobjectpermission"
},
{
  "fields": {
    "permission": 102,
    "content_type": 20,
    "group": 21,
    "object_pk": "11"
  },
  "pk": 98,
  "model": "guardian.groupobjectpermission"
},
{
  "fields": {
    "permission": 59,
    "content_type": 20,
    "group": 21,
    "object_pk": "11"
  },
  "pk": 99,
  "model": "guardian.groupobjectpermission"
},
{
  "fields": {
    "permission": 93,
    "content_type": 19,
    "group": 26,
    "object_pk": "12"
  },
  "pk": 100,
  "model": "guardian.groupobjectpermission"
},
{
  "fields": {
    "permission": 98,
    "content_type": 19,
    "group": 26,
    "object_pk": "12"
  },
  "pk": 101,
  "model": "guardian.groupobjectpermission"
},
{
  "fields": {
    "permission": 94,
    "content_type": 19,
    "group": 26,
    "object_pk": "12"
  },
  "pk": 102,
  "model": "guardian.groupobjectpermission"
},
{
  "fields": {
    "permission": 96,
    "content_type": 19,
    "group": 26,
    "object_pk": "12"
  },
  "pk": 103,
  "model": "guardian.groupobjectpermission"
},
{
  "fields": {
    "permission": 99,
    "content_type": 19,
    "group": 26,
    "object_pk": "12"
  },
  "pk": 104,
  "model": "guardian.groupobjectpermission"
},
{
  "fields": {
    "permission": 97,
    "content_type": 19,
    "group": 26,
    "object_pk": "12"
  },
  "pk": 105,
  "model": "guardian.groupobjectpermission"
},
{
  "fields": {
    "permission": 93,
    "content_type": 19,
    "group": 2,
    "object_pk": "2"
  },
  "pk": 106,
  "model": "guardian.groupobjectpermission"
},
{
  "fields": {
    "permission": 98,
    "content_type": 19,
    "group": 2,
    "object_pk": "2"
  },
  "pk": 107,
  "model": "guardian.groupobjectpermission"
},
{
  "fields": {
    "permission": 96,
    "content_type": 19,
    "group": 2,
    "object_pk": "2"
  },
  "pk": 108,
  "model": "guardian.groupobjectpermission"
},
{
  "fields": {
    "permission": 95,
    "content_type": 19,
    "group": 2,
    "object_pk": "2"
  },
  "pk": 109,
  "model": "guardian.groupobjectpermission"
},
{
  "fields": {
    "permission": 94,
    "content_type": 19,
    "group": 2,
    "object_pk": "2"
  },
  "pk": 110,
  "model": "guardian.groupobjectpermission"
},
{
  "fields": {
    "permission": 99,
    "content_type": 19,
    "group": 2,
    "object_pk": "2"
  },
  "pk": 111,
  "model": "guardian.groupobjectpermission"
},
{
  "fields": {
    "permission": 97,
    "content_type": 19,
    "group": 2,
    "object_pk": "2"
  },
  "pk": 112,
  "model": "guardian.groupobjectpermission"
},
{
  "fields": {
    "permission": 93,
    "content_type": 19,
    "group": 25,
    "object_pk": "2"
  },
  "pk": 113,
  "model": "guardian.groupobjectpermission"
},
{
  "fields": {
    "permission": 98,
    "content_type": 19,
    "group": 25,
    "object_pk": "2"
  },
  "pk": 114,
  "model": "guardian.groupobjectpermission"
},
{
  "fields": {
    "permission": 96,
    "content_type": 19,
    "group": 25,
    "object_pk": "2"
  },
  "pk": 115,
  "model": "guardian.groupobjectpermission"
},
{
  "fields": {
    "permission": 97,
    "content_type": 19,
    "group": 25,
    "object_pk": "2"
  },
  "pk": 116,
  "model": "guardian.groupobjectpermission"
},
{
  "fields": {
    "permission": 93,
    "content_type": 19,
    "group": 24,
    "object_pk": "2"
  },
  "pk": 117,
  "model": "guardian.groupobjectpermission"
},
{
  "fields": {
    "permission": 94,
    "content_type": 19,
    "group": 24,
    "object_pk": "2"
  },
  "pk": 118,
  "model": "guardian.groupobjectpermission"
},
{
  "fields": {
    "permission": 101,
    "content_type": 20,
    "group": 6,
    "object_pk": "3"
  },
  "pk": 119,
  "model": "guardian.groupobjectpermission"
},
{
  "fields": {
    "permission": 104,
    "content_type": 20,
    "group": 6,
    "object_pk": "3"
  },
  "pk": 120,
  "model": "guardian.groupobjectpermission"
},
{
  "fields": {
    "permission": 106,
    "content_type": 20,
    "group": 6,
    "object_pk": "3"
  },
  "pk": 121,
  "model": "guardian.groupobjectpermission"
},
{
  "fields": {
    "permission": 102,
    "content_type": 20,
    "group": 6,
    "object_pk": "3"
  },
  "pk": 122,
  "model": "guardian.groupobjectpermission"
},
{
  "fields": {
    "permission": 101,
    "content_type": 20,
    "group": 8,
    "object_pk": "4"
  },
  "pk": 123,
  "model": "guardian.groupobjectpermission"
},
{
  "fields": {
    "permission": 104,
    "content_type": 20,
    "group": 8,
    "object_pk": "4"
  },
  "pk": 124,
  "model": "guardian.groupobjectpermission"
},
{
  "fields": {
    "permission": 106,
    "content_type": 20,
    "group": 8,
    "object_pk": "4"
  },
  "pk": 125,
  "model": "guardian.groupobjectpermission"
},
{
  "fields": {
    "permission": 102,
    "content_type": 20,
    "group": 8,
    "object_pk": "4"
  },
  "pk": 126,
  "model": "guardian.groupobjectpermission"
},
{
  "fields": {
    "permission": 101,
    "content_type": 20,
    "group": 10,
    "object_pk": "5"
  },
  "pk": 127,
  "model": "guardian.groupobjectpermission"
},
{
  "fields": {
    "permission": 104,
    "content_type": 20,
    "group": 10,
    "object_pk": "5"
  },
  "pk": 128,
  "model": "guardian.groupobjectpermission"
},
{
  "fields": {
    "permission": 106,
    "content_type": 20,
    "group": 10,
    "object_pk": "5"
  },
  "pk": 129,
  "model": "guardian.groupobjectpermission"
},
{
  "fields": {
    "permission": 102,
    "content_type": 20,
    "group": 10,
    "object_pk": "5"
  },
  "pk": 130,
  "model": "guardian.groupobjectpermission"
},
{
  "fields": {
    "permission": 101,
    "content_type": 20,
    "group": 12,
    "object_pk": "6"
  },
  "pk": 131,
  "model": "guardian.groupobjectpermission"
},
{
  "fields": {
    "permission": 104,
    "content_type": 20,
    "group": 12,
    "object_pk": "6"
  },
  "pk": 132,
  "model": "guardian.groupobjectpermission"
},
{
  "fields": {
    "permission": 106,
    "content_type": 20,
    "group": 12,
    "object_pk": "6"
  },
  "pk": 133,
  "model": "guardian.groupobjectpermission"
},
{
  "fields": {
    "permission": 102,
    "content_type": 20,
    "group": 12,
    "object_pk": "6"
  },
  "pk": 134,
  "model": "guardian.groupobjectpermission"
},
{
  "fields": {
    "permission": 101,
    "content_type": 20,
    "group": 14,
    "object_pk": "7"
  },
  "pk": 135,
  "model": "guardian.groupobjectpermission"
},
{
  "fields": {
    "permission": 104,
    "content_type": 20,
    "group": 14,
    "object_pk": "7"
  },
  "pk": 136,
  "model": "guardian.groupobjectpermission"
},
{
  "fields": {
    "permission": 106,
    "content_type": 20,
    "group": 14,
    "object_pk": "7"
  },
  "pk": 137,
  "model": "guardian.groupobjectpermission"
},
{
  "fields": {
    "permission": 102,
    "content_type": 20,
    "group": 14,
    "object_pk": "7"
  },
  "pk": 138,
  "model": "guardian.groupobjectpermission"
},
{
  "fields": {
    "permission": 101,
    "content_type": 20,
    "group": 16,
    "object_pk": "8"
  },
  "pk": 139,
  "model": "guardian.groupobjectpermission"
},
{
  "fields": {
    "permission": 104,
    "content_type": 20,
    "group": 16,
    "object_pk": "8"
  },
  "pk": 140,
  "model": "guardian.groupobjectpermission"
},
{
  "fields": {
    "permission": 106,
    "content_type": 20,
    "group": 16,
    "object_pk": "8"
  },
  "pk": 141,
  "model": "guardian.groupobjectpermission"
},
{
  "fields": {
    "permission": 102,
    "content_type": 20,
    "group": 16,
    "object_pk": "8"
  },
  "pk": 142,
  "model": "guardian.groupobjectpermission"
},
{
  "fields": {
    "permission": 101,
    "content_type": 20,
    "group": 18,
    "object_pk": "9"
  },
  "pk": 143,
  "model": "guardian.groupobjectpermission"
},
{
  "fields": {
    "permission": 104,
    "content_type": 20,
    "group": 18,
    "object_pk": "9"
  },
  "pk": 144,
  "model": "guardian.groupobjectpermission"
},
{
  "fields": {
    "permission": 106,
    "content_type": 20,
    "group": 18,
    "object_pk": "9"
  },
  "pk": 145,
  "model": "guardian.groupobjectpermission"
},
{
  "fields": {
    "permission": 102,
    "content_type": 20,
    "group": 18,
    "object_pk": "9"
  },
  "pk": 146,
  "model": "guardian.groupobjectpermission"
},
{
  "fields": {
    "permission": 101,
    "content_type": 20,
    "group": 20,
    "object_pk": "10"
  },
  "pk": 147,
  "model": "guardian.groupobjectpermission"
},
{
  "fields": {
    "permission": 104,
    "content_type": 20,
    "group": 20,
    "object_pk": "10"
  },
  "pk": 148,
  "model": "guardian.groupobjectpermission"
},
{
  "fields": {
    "permission": 106,
    "content_type": 20,
    "group": 20,
    "object_pk": "10"
  },
  "pk": 149,
  "model": "guardian.groupobjectpermission"
},
{
  "fields": {
    "permission": 102,
    "content_type": 20,
    "group": 20,
    "object_pk": "10"
  },
  "pk": 150,
  "model": "guardian.groupobjectpermission"
},
{
  "fields": {
    "permission": 101,
    "content_type": 20,
    "group": 22,
    "object_pk": "11"
  },
  "pk": 151,
  "model": "guardian.groupobjectpermission"
},
{
  "fields": {
    "permission": 104,
    "content_type": 20,
    "group": 22,
    "object_pk": "11"
  },
  "pk": 152,
  "model": "guardian.groupobjectpermission"
},
{
  "fields": {
    "permission": 106,
    "content_type": 20,
    "group": 22,
    "object_pk": "11"
  },
  "pk": 153,
  "model": "guardian.groupobjectpermission"
},
{
  "fields": {
    "permission": 102,
    "content_type": 20,
    "group": 22,
    "object_pk": "11"
  },
  "pk": 154,
  "model": "guardian.groupobjectpermission"
},
{
  "fields": {
    "interested_in": [],
    "picture": "",
    "used_resources": false,
    "website": null,
    "user": 1,
    "do_not_email": false,
    "cover_letter": "",
    "bio": "",
    "requested_refund": false,
    "resume": ""
  },
  "pk": 1,
  "model": "tangent.member"
},
{
  "fields": {
    "interested_in": [],
    "picture": "",
    "used_resources": false,
    "website": null,
    "user": 2,
    "do_not_email": false,
    "cover_letter": "",
    "bio": "",
    "requested_refund": false,
    "resume": ""
  },
  "pk": 2,
  "model": "tangent.member"
},
{
  "fields": {
    "office": "MC 3038",
    "website": "http://mathsoc.uwaterloo.ca",
    "name": "MathSoc Office",
    "description": "MathSoc offers many handy services, both academic and recreational, out of our office in MC 3038. Some things you may find important for classes:\r\n\r\n\t\u2022\t5\u00a2 photocopies for those lectures you missed\r\n\t\u2022\tPens and pencils for 25\u00a2/each\r\n\t\u2022\tPaper (lined and graph) for 10\u00a2/10 sheets\r\n\t\u2022\tTransparencies for presentations\r\n\t\u2022\tCalculators with pink tie stickers for the cheapest on campus\r\n\t\u2022\tStaplers to staple your assignment together\r\n\t\u2022\tHole punches\r\n\t\u2022\tWork report binding for only 75\u00a2!\r\n\t\u2022\tComputers with printing for 10\u00a2 a page\r\n\t\u2022\tLocker Signup so you don't have to carry around those heavy books all day\r\n\t\u2022\tTextbook library so you have access to material when you don't have your books with you. This selection includes most first/second-year core courses.\r\n\r\nOn the recreational side, we have a selection of mathNEWS, frisbees, cool math novelties and board games (full list found here: LINK_TO_BG_INVENTORY)",
    "documents": []
  },
  "pk": 1,
  "model": "tangent.baseorg"
},
{
  "fields": {
    "office": "MC 3039",
    "website": "http://mathsoc.uwaterloo.ca",
    "name": "MathSoc Council",
    "description": "MathSoc Council is the main decision-making body of the Society.\r\n\r\nMathSoc Council is made up of up to 30 program representatives and the 5 executives. Each program representative and executive is elected per term.\r\n\r\nCouncil makes important decisions about budgeting, academic and operational policies and many other decisions.",
    "documents": []
  },
  "pk": 2,
  "model": "tangent.baseorg"
},
{
  "fields": {
    "office": "MC 1003",
    "website": "http://uwactsciclub.com/",
    "name": "Actuarial Sciences Club",
    "description": "The UW ActSci Club is the official student organization serving UW's actuarial science undergraduate students. It's an organization for students with the common interest of pursuing an actuarial career to come together, network, learn, and improve their UW experience! The club hosts social events and informative sessions, lends out SOA study manuals, operates a mentorship program, produces newsletters, and is your hub for all actuarial-related news and events. Come by our office (M3 1003) to borrow study manuals, learn more about the club, or ask our friendly execs for some advice. We hope to make your time here at UW a little easier and a little more enjoyable.",
    "documents": []
  },
  "pk": 3,
  "model": "tangent.baseorg"
},
{
  "fields": {
    "office": "MC 3028",
    "website": "http://bic.uwaterloo.ca/",
    "name": "Bioinformatics Club",
    "description": "Welcome to the Undergraduate Bioinformatics Club of the University of Waterloo, Fall 2016 term. Bioinformatics is a program here at the University that encompasses courses in math, biology, computer science, chemistry and, of course, bioinformatics. It also offers a great co-op program where students have a chance to learn bioinformatics hands-on at many different labs.\r\n\r\nAs the program is one of the smaller programs at Waterloo, one of our main goals is try to connect students of the bioinformatics program as well as students from related programs and faculties. Some of the popular events BIC holds are professor talks and trips to Toronto for lab tours. This year, we\u2019re looking to start up a seminar series where we\u2019ll have our very own club members give talks about work they\u2019ve done during their work terms and summers. We also hold social events like Board Game Nights and Science Movie Nights (some of our favourites are X-Men and The Island). We\u2019re always looking for new members, so please don\u2019t hesitate and come check our club out!",
    "documents": []
  },
  "pk": 4,
  "model": "tangent.baseorg"
},
{
  "fields": {
    "office": "MC 3036",
    "website": "http://csclub.uwaterloo.ca/",
    "name": "Computer Science Club",
    "description": "We exist to promote knowledge of and interest in computer science as well as allowing those interested in computer science to talk to each other. We have an office where members get together, a library of computer science books available to our members, computer accounts on our various machines and much more. Frequently we host events related to computing, including talks, tutorials and demonstrations.",
    "documents": []
  },
  "pk": 5,
  "model": "tangent.baseorg"
},
{
  "fields": {
    "office": "M3 1001",
    "website": "http://www.ddclub.uwaterloo.ca/",
    "name": "Double Degree Club",
    "description": "The DDC is an official, UW and WLU registered, student-run organization that aims to enhance the experience of Double Degree students during their university career. Thanks to the support of members like yourself, the club hosts several social events, networking/mentorship opportunities, and academic resources in an effort to enrich your education at UW and WLU. We also work closely with administration at both universities to increase the presence of our members at the two schools, to foster an atmosphere in which our students can develop both socially and professionally.",
    "documents": []
  },
  "pk": 6,
  "model": "tangent.baseorg"
},
{
  "fields": {
    "office": "MC 3038",
    "website": "http://uwfarmsa.uwaterloo.ca/index.html",
    "name": "Financial Analysis or Risk Management Student Association",
    "description": "FARMSA is a non-profit student club open to all Math students at the UW, even those not in the Math/FARM program.\r\n\r\nThe goals of the club:\r\n\r\nTo encourage academic pursuits and interests of the Math/FARM program internally and externally.\r\nTo provide services that will benefit Math/FARM students and other interested individuals academically and professionally.\r\nTo improve the cohesiveness between individuals of the Math/FARM program.\r\nProvide a framework to build, improve and promote the reputation and quality of the Math/FARM program.\r\n",
    "documents": []
  },
  "pk": 7,
  "model": "tangent.baseorg"
},
{
  "fields": {
    "office": "MC 3038",
    "website": "http://mathsoc.uwaterloo.ca",
    "name": "Pure Math, Applied Math and Combinatorial Optimization Club",
    "description": "Description coming soon",
    "documents": []
  },
  "pk": 8,
  "model": "tangent.baseorg"
},
{
  "fields": {
    "office": "M3 1004",
    "website": "http://csclub.uwaterloo.ca/~statsclub/",
    "name": "Statistics Club",
    "description": "The University of Waterloo's Statistics Club is the official student run club serving UW's statistics undergraduate students. The Stats Club is dedicated to bringing together the statistics undergraduate community on campus by providing friendly and welcoming environment, as well as supplying resources for the academic pursuit of Statistics.",
    "documents": []
  },
  "pk": 9,
  "model": "tangent.baseorg"
},
{
  "fields": {
    "office": "MC 3031",
    "website": "http://csclub.uwaterloo.ca/~tsa/",
    "name": "Teaching Students' Association",
    "description": "The objective of the TSA shall be to promote interaction amongst University of Waterloo Undergraduate Students interested in a career in teaching. Throughout the academic year, a collection of social, athletic, cultural, and academic activities shall be organized to foster positive networking between potential teaching candidates. Furthermore, the TSA will explore and encourage professional development activities with the goal of improving club members' teaching qualifications.",
    "documents": []
  },
  "pk": 10,
  "model": "tangent.baseorg"
},
{
  "fields": {
    "office": "MC 3034",
    "website": "http://csclub.uwaterloo.ca/~uwmfsa/",
    "name": "Mathematical Finance Student Association",
    "description": "The goal of MFSA is to provide services that encourage academic pursuits of quantitative finance and improve the reputation of the Mathematical Finance program.",
    "documents": []
  },
  "pk": 11,
  "model": "tangent.baseorg"
},
{
  "fields": {
    "office": "MC 3038",
    "website": "http://mathsoc.uwaterloo.ca",
    "name": "MathSoc Directors",
    "description": "Description coming soon",
    "documents": []
  },
  "pk": 12,
  "model": "tangent.baseorg"
},
{
  "fields": {
    "external": false,
    "affiliate": false,
    "sponsor": false,
    "documents": []
  },
  "pk": 1,
  "model": "tangent.organization"
},
{
  "fields": {
    "external": false,
    "affiliate": false,
    "sponsor": false,
    "documents": []
  },
  "pk": 2,
  "model": "tangent.organization"
},
{
  "fields": {
    "external": false,
    "affiliate": false,
    "sponsor": false,
    "documents": []
  },
  "pk": 12,
  "model": "tangent.organization"
},
{
  "fields": {
    "members": [],
    "documents": [],
    "fee": 200
  },
  "pk": 3,
  "model": "tangent.club"
},
{
  "fields": {
    "members": [],
    "documents": [],
    "fee": 200
  },
  "pk": 4,
  "model": "tangent.club"
},
{
  "fields": {
    "members": [],
    "documents": [],
    "fee": 200
  },
  "pk": 5,
  "model": "tangent.club"
},
{
  "fields": {
    "members": [],
    "documents": [],
    "fee": 200
  },
  "pk": 6,
  "model": "tangent.club"
},
{
  "fields": {
    "members": [],
    "documents": [],
    "fee": 200
  },
  "pk": 7,
  "model": "tangent.club"
},
{
  "fields": {
    "members": [],
    "documents": [],
    "fee": 200
  },
  "pk": 8,
  "model": "tangent.club"
},
{
  "fields": {
    "members": [],
    "documents": [],
    "fee": 200
  },
  "pk": 9,
  "model": "tangent.club"
},
{
  "fields": {
    "members": [],
    "documents": [],
    "fee": 200
  },
  "pk": 10,
  "model": "tangent.club"
},
{
  "fields": {
    "members": [],
    "documents": [],
    "fee": 200
  },
  "pk": 11,
  "model": "tangent.club"
},
{
  "fields": {
    "want_applications": false,
    "title": "President",
    "responsibilities": "The President is the chief executive of the Society. They oversee all the affairs of the Society, represent the Society at official functions and public occasions and works with affiliated organizations on behalf of the Society.\r\n\r\nThey also work with the other executives and ensure things are running smoothly. They are also in charge of liaising with the many Mathsoc clubs.",
    "primary_organization": 2,
    "is_superuser": true,
    "key_holder": true,
    "is_staff": true,
    "permissions_group": null
  },
  "pk": 1,
  "model": "tangent.position"
},
{
  "fields": {
    "want_applications": false,
    "title": "Vice President, Operations",
    "responsibilities": "The Vice President, Operations is responsible for the day-to-day operations of the Society. They oversee the main Society office and its operation.\r\n\r\nThey oversee all of the technical infrastructure for the Society including the website and the MathSoc server. Lastly, they oversee the Society's space such as bookings as room allocation.",
    "primary_organization": 2,
    "is_superuser": true,
    "key_holder": true,
    "is_staff": true,
    "permissions_group": null
  },
  "pk": 2,
  "model": "tangent.position"
},
{
  "fields": {
    "want_applications": false,
    "title": "Vice President, Academic",
    "responsibilities": "The Vice President, Academic is responsible for academic operations of the Society. They represent the Society and its members to the Faculty, to the University, and to the Federation of Students on academic issues.\r\n\r\nThey also organize events and manage services of an academic nature such as resume critiques and mock interviews.",
    "primary_organization": 2,
    "is_superuser": false,
    "key_holder": true,
    "is_staff": true,
    "permissions_group": 27
  },
  "pk": 3,
  "model": "tangent.position"
},
{
  "fields": {
    "want_applications": false,
    "title": "Vice President, Finances",
    "responsibilities": "The Vice President, Finances is responsible for the financial affairs of the Society. They keep accurate and complete records of the finances and manage the accounts and funds of the Society.",
    "primary_organization": 2,
    "is_superuser": false,
    "key_holder": true,
    "is_staff": true,
    "permissions_group": 29
  },
  "pk": 4,
  "model": "tangent.position"
},
{
  "fields": {
    "want_applications": false,
    "title": "Vice President, Internal",
    "responsibilities": "The Vice-President, Internal is responsible for overseeing clubs and Society events. They encourage members to become more involved in the Society and ensure that the opportunity exists for them to do so. They also ensure clubs and affiliates are support in their endeavours and remain compliant with MathSoc policy.",
    "primary_organization": 2,
    "is_superuser": false,
    "key_holder": true,
    "is_staff": true,
    "permissions_group": 28
  },
  "pk": 5,
  "model": "tangent.position"
},
{
  "fields": {
    "want_applications": false,
    "title": "Website Director",
    "responsibilities": "The website director is responsible for maintaining, troubleshooting, and updating the Society's website. \r\n\r\nPlease direct any questions or concerns to website at mathsoc.uwaterloo.ca. Also feel free to e-mail any suggestions or wishes that you have for the website.",
    "primary_organization": 12,
    "is_superuser": true,
    "key_holder": true,
    "is_staff": true,
    "permissions_group": 26
  },
  "pk": 6,
  "model": "tangent.position"
},
{
  "fields": {
    "want_applications": true,
    "title": "Valentine's Day Director",
    "responsibilities": "Organize Valentine's Day activities",
    "primary_organization": 12,
    "is_superuser": false,
    "key_holder": false,
    "is_staff": true,
    "permissions_group": 26
  },
  "pk": 7,
  "model": "tangent.position"
},
{
  "fields": {
    "want_applications": true,
    "title": "Pi Day Director",
    "responsibilities": "Plans and organizes volunteers for Pi Day.",
    "primary_organization": 12,
    "is_superuser": false,
    "key_holder": false,
    "is_staff": true,
    "permissions_group": 26
  },
  "pk": 8,
  "model": "tangent.position"
},
{
  "fields": {
    "want_applications": true,
    "title": "Novelties Director",
    "responsibilities": "The novelties director is in charge of the ordering, inventory and creation of novelties for sale from MathSoc in the office. The director is always interested in hearing ideas for new math novelties so be sure to send any ideas you have to novelties@mathsoc.",
    "primary_organization": 12,
    "is_superuser": false,
    "key_holder": false,
    "is_staff": true,
    "permissions_group": 26
  },
  "pk": 9,
  "model": "tangent.position"
},
{
  "fields": {
    "want_applications": true,
    "title": "Marketing Director",
    "responsibilities": "Responsible for postings and designing marketing materials.",
    "primary_organization": 12,
    "is_superuser": false,
    "key_holder": false,
    "is_staff": true,
    "permissions_group": 26
  },
  "pk": 10,
  "model": "tangent.position"
},
{
  "fields": {
    "want_applications": true,
    "title": "Games Director",
    "responsibilities": "The Games Director organizes games night on the 3rd floor of MC every week. This includes creating/putting up posters, selecting games from the MathSoc Office, purchasing food, and setting up in the C&D on a weekly basis. They are also responsible for organizing game tournaments.",
    "primary_organization": 12,
    "is_superuser": false,
    "key_holder": true,
    "is_staff": true,
    "permissions_group": 26
  },
  "pk": 11,
  "model": "tangent.position"
},
{
  "fields": {
    "want_applications": true,
    "title": "First Year Affairs Director",
    "responsibilities": "The CFYA Director coordinates, mentors, and provides frosh with focal point to express their concerns to the Math Society. The CFYA director is also responsible for planning, organizing, and implementing social and academic events for first year students.\r\nIf you are interested in this position, please email prez@mathsoc.uwaterloo.ca. Working with the first year reps is a great opportunity.",
    "primary_organization": 12,
    "is_superuser": false,
    "key_holder": false,
    "is_staff": true,
    "permissions_group": 26
  },
  "pk": 12,
  "model": "tangent.position"
},
{
  "fields": {
    "want_applications": true,
    "title": "External Affairs Director",
    "responsibilities": "Assists in maintaining relations with other Societies and the Federation of Students. This may include attending other society meetings and organizing cross-faculty events.",
    "primary_organization": 12,
    "is_superuser": false,
    "key_holder": false,
    "is_staff": true,
    "permissions_group": 26
  },
  "pk": 13,
  "model": "tangent.position"
},
{
  "fields": {
    "want_applications": true,
    "title": "Computing Director",
    "responsibilities": "The Computing Director is tasked with providing a useful computing environment for MathSoc council and members (read: everyone!). Whether it's maintaining servers or beating up fried processors, it's Computing's job.",
    "primary_organization": 12,
    "is_superuser": true,
    "key_holder": false,
    "is_staff": true,
    "permissions_group": 26
  },
  "pk": 14,
  "model": "tangent.position"
},
{
  "fields": {
    "want_applications": true,
    "title": "Clubs Director",
    "responsibilities": "The Clubs Director helps the VPI liaison with Society clubs and executives.",
    "primary_organization": 12,
    "is_superuser": false,
    "key_holder": false,
    "is_staff": true,
    "permissions_group": 26
  },
  "pk": 15,
  "model": "tangent.position"
},
{
  "fields": {
    "want_applications": true,
    "title": "Charity Ball Director",
    "responsibilities": "The Charity Ball Director organizes one of the most fun events of the fall term. A semi-formal event with a banquet dinner and dance, as well as live and silent auctions with the proceeds going to a designated charity, it's fun for the whole group.",
    "primary_organization": 12,
    "is_superuser": false,
    "key_holder": false,
    "is_staff": true,
    "permissions_group": 26
  },
  "pk": 16,
  "model": "tangent.position"
},
{
  "fields": {
    "want_applications": true,
    "title": "Canada Day Coordinator",
    "responsibilities": "MathSoc runs the Kids Fun Fest at UW's Canada Day celebrations every July 1st. It's a bunch of fun activities for small children, and we can always use more help. If you want to help out, please sign up on the office door!!",
    "primary_organization": 12,
    "is_superuser": false,
    "key_holder": false,
    "is_staff": true,
    "permissions_group": 26
  },
  "pk": 17,
  "model": "tangent.position"
},
{
  "fields": {
    "want_applications": false,
    "title": "Executive Assistant",
    "responsibilities": "An Executive Assistant is either someone formally appointed to help the executive with their duties.",
    "primary_organization": 12,
    "is_superuser": false,
    "key_holder": true,
    "is_staff": true,
    "permissions_group": 23
  },
  "pk": 18,
  "model": "tangent.position"
},
{
  "fields": {
    "want_applications": false,
    "title": "President",
    "responsibilities": "",
    "primary_organization": 3,
    "is_superuser": false,
    "key_holder": true,
    "is_staff": true,
    "permissions_group": 6
  },
  "pk": 19,
  "model": "tangent.position"
},
{
  "fields": {
    "want_applications": false,
    "title": "Vice President, Events",
    "responsibilities": "",
    "primary_organization": 3,
    "is_superuser": false,
    "key_holder": true,
    "is_staff": true,
    "permissions_group": 6
  },
  "pk": 20,
  "model": "tangent.position"
},
{
  "fields": {
    "want_applications": false,
    "title": "Vice President, Finances",
    "responsibilities": "",
    "primary_organization": 3,
    "is_superuser": false,
    "key_holder": true,
    "is_staff": true,
    "permissions_group": 6
  },
  "pk": 21,
  "model": "tangent.position"
},
{
  "fields": {
    "want_applications": false,
    "title": "Vice President, Communication",
    "responsibilities": "",
    "primary_organization": 3,
    "is_superuser": false,
    "key_holder": true,
    "is_staff": true,
    "permissions_group": 6
  },
  "pk": 22,
  "model": "tangent.position"
},
{
  "fields": {
    "want_applications": false,
    "title": "Vice President, Administration",
    "responsibilities": "",
    "primary_organization": 3,
    "is_superuser": false,
    "key_holder": true,
    "is_staff": true,
    "permissions_group": 6
  },
  "pk": 23,
  "model": "tangent.position"
},
{
  "fields": {
    "want_applications": false,
    "title": "Office Manager",
    "responsibilities": "",
    "primary_organization": 3,
    "is_superuser": false,
    "key_holder": true,
    "is_staff": true,
    "permissions_group": 5
  },
  "pk": 24,
  "model": "tangent.position"
},
{
  "fields": {
    "want_applications": false,
    "title": "Events Coordinator",
    "responsibilities": "",
    "primary_organization": 3,
    "is_superuser": false,
    "key_holder": false,
    "is_staff": true,
    "permissions_group": 5
  },
  "pk": 25,
  "model": "tangent.position"
},
{
  "fields": {
    "want_applications": false,
    "title": "Mentorship Coordinator",
    "responsibilities": "",
    "primary_organization": 3,
    "is_superuser": false,
    "key_holder": false,
    "is_staff": true,
    "permissions_group": 5
  },
  "pk": 26,
  "model": "tangent.position"
},
{
  "fields": {
    "want_applications": false,
    "title": "Newsletter Editor",
    "responsibilities": "",
    "primary_organization": 3,
    "is_superuser": false,
    "key_holder": false,
    "is_staff": true,
    "permissions_group": 5
  },
  "pk": 27,
  "model": "tangent.position"
},
{
  "fields": {
    "want_applications": false,
    "title": "Publicity Director",
    "responsibilities": "",
    "primary_organization": 3,
    "is_superuser": false,
    "key_holder": false,
    "is_staff": true,
    "permissions_group": 5
  },
  "pk": 28,
  "model": "tangent.position"
},
{
  "fields": {
    "want_applications": false,
    "title": "Website Manager",
    "responsibilities": "",
    "primary_organization": 3,
    "is_superuser": false,
    "key_holder": false,
    "is_staff": true,
    "permissions_group": 5
  },
  "pk": 29,
  "model": "tangent.position"
},
{
  "fields": {
    "want_applications": false,
    "title": "President",
    "responsibilities": "",
    "primary_organization": 4,
    "is_superuser": false,
    "key_holder": true,
    "is_staff": true,
    "permissions_group": 8
  },
  "pk": 30,
  "model": "tangent.position"
},
{
  "fields": {
    "want_applications": false,
    "title": "Vice President, Operations",
    "responsibilities": "",
    "primary_organization": 4,
    "is_superuser": false,
    "key_holder": true,
    "is_staff": true,
    "permissions_group": 8
  },
  "pk": 31,
  "model": "tangent.position"
},
{
  "fields": {
    "want_applications": false,
    "title": "Vice President, Finances",
    "responsibilities": "",
    "primary_organization": 4,
    "is_superuser": false,
    "key_holder": true,
    "is_staff": true,
    "permissions_group": 8
  },
  "pk": 32,
  "model": "tangent.position"
},
{
  "fields": {
    "want_applications": false,
    "title": "Vice President, External Operations",
    "responsibilities": "",
    "primary_organization": 4,
    "is_superuser": false,
    "key_holder": true,
    "is_staff": true,
    "permissions_group": 8
  },
  "pk": 33,
  "model": "tangent.position"
},
{
  "fields": {
    "want_applications": false,
    "title": "Webmaster",
    "responsibilities": "",
    "primary_organization": 4,
    "is_superuser": false,
    "key_holder": false,
    "is_staff": true,
    "permissions_group": 7
  },
  "pk": 34,
  "model": "tangent.position"
},
{
  "fields": {
    "want_applications": false,
    "title": "Off-Stream Representative",
    "responsibilities": "",
    "primary_organization": 4,
    "is_superuser": false,
    "key_holder": false,
    "is_staff": true,
    "permissions_group": 7
  },
  "pk": 35,
  "model": "tangent.position"
},
{
  "fields": {
    "want_applications": false,
    "title": "Promotional Coordinator",
    "responsibilities": "",
    "primary_organization": 4,
    "is_superuser": false,
    "key_holder": false,
    "is_staff": true,
    "permissions_group": 7
  },
  "pk": 36,
  "model": "tangent.position"
},
{
  "fields": {
    "want_applications": false,
    "title": "Media Coordinator",
    "responsibilities": "",
    "primary_organization": 4,
    "is_superuser": false,
    "key_holder": false,
    "is_staff": true,
    "permissions_group": 7
  },
  "pk": 37,
  "model": "tangent.position"
},
{
  "fields": {
    "want_applications": false,
    "title": "First Year Representative",
    "responsibilities": "",
    "primary_organization": 4,
    "is_superuser": false,
    "key_holder": false,
    "is_staff": true,
    "permissions_group": 7
  },
  "pk": 39,
  "model": "tangent.position"
},
{
  "fields": {
    "want_applications": false,
    "title": "President",
    "responsibilities": "",
    "primary_organization": 5,
    "is_superuser": false,
    "key_holder": true,
    "is_staff": true,
    "permissions_group": 10
  },
  "pk": 40,
  "model": "tangent.position"
},
{
  "fields": {
    "want_applications": false,
    "title": "Vice President",
    "responsibilities": "",
    "primary_organization": 5,
    "is_superuser": false,
    "key_holder": true,
    "is_staff": true,
    "permissions_group": 10
  },
  "pk": 41,
  "model": "tangent.position"
},
{
  "fields": {
    "want_applications": false,
    "title": "Treasurer",
    "responsibilities": "",
    "primary_organization": 5,
    "is_superuser": false,
    "key_holder": true,
    "is_staff": true,
    "permissions_group": 9
  },
  "pk": 42,
  "model": "tangent.position"
},
{
  "fields": {
    "want_applications": false,
    "title": "Secretary",
    "responsibilities": "",
    "primary_organization": 5,
    "is_superuser": false,
    "key_holder": true,
    "is_staff": true,
    "permissions_group": 9
  },
  "pk": 43,
  "model": "tangent.position"
},
{
  "fields": {
    "want_applications": false,
    "title": "Systems Administrator",
    "responsibilities": "",
    "primary_organization": 5,
    "is_superuser": false,
    "key_holder": false,
    "is_staff": true,
    "permissions_group": 9
  },
  "pk": 44,
  "model": "tangent.position"
},
{
  "fields": {
    "want_applications": false,
    "title": "Office Manager",
    "responsibilities": "",
    "primary_organization": 5,
    "is_superuser": false,
    "key_holder": true,
    "is_staff": true,
    "permissions_group": 9
  },
  "pk": 45,
  "model": "tangent.position"
},
{
  "fields": {
    "want_applications": false,
    "title": "Librarian",
    "responsibilities": "",
    "primary_organization": 5,
    "is_superuser": false,
    "key_holder": false,
    "is_staff": true,
    "permissions_group": 9
  },
  "pk": 46,
  "model": "tangent.position"
},
{
  "fields": {
    "want_applications": false,
    "title": "Imapd",
    "responsibilities": "",
    "primary_organization": 5,
    "is_superuser": false,
    "key_holder": false,
    "is_staff": true,
    "permissions_group": 9
  },
  "pk": 47,
  "model": "tangent.position"
},
{
  "fields": {
    "want_applications": false,
    "title": "President",
    "responsibilities": "",
    "primary_organization": 6,
    "is_superuser": false,
    "key_holder": true,
    "is_staff": true,
    "permissions_group": 12
  },
  "pk": 48,
  "model": "tangent.position"
},
{
  "fields": {
    "want_applications": false,
    "title": "Vice President, UW Affairs",
    "responsibilities": "",
    "primary_organization": 6,
    "is_superuser": false,
    "key_holder": true,
    "is_staff": true,
    "permissions_group": 12
  },
  "pk": 49,
  "model": "tangent.position"
},
{
  "fields": {
    "want_applications": false,
    "title": "Vice President, WLU Affairs",
    "responsibilities": "",
    "primary_organization": 6,
    "is_superuser": false,
    "key_holder": true,
    "is_staff": true,
    "permissions_group": 12
  },
  "pk": 50,
  "model": "tangent.position"
},
{
  "fields": {
    "want_applications": false,
    "title": "Director of Finance",
    "responsibilities": "",
    "primary_organization": 6,
    "is_superuser": false,
    "key_holder": true,
    "is_staff": true,
    "permissions_group": 11
  },
  "pk": 51,
  "model": "tangent.position"
},
{
  "fields": {
    "want_applications": false,
    "title": "Director of Marketing",
    "responsibilities": "",
    "primary_organization": 6,
    "is_superuser": false,
    "key_holder": false,
    "is_staff": true,
    "permissions_group": 11
  },
  "pk": 52,
  "model": "tangent.position"
},
{
  "fields": {
    "want_applications": false,
    "title": "Director of Internal Affairs",
    "responsibilities": "",
    "primary_organization": 6,
    "is_superuser": false,
    "key_holder": true,
    "is_staff": true,
    "permissions_group": 11
  },
  "pk": 53,
  "model": "tangent.position"
},
{
  "fields": {
    "want_applications": false,
    "title": "Director of External Affairs",
    "responsibilities": "",
    "primary_organization": 6,
    "is_superuser": false,
    "key_holder": true,
    "is_staff": true,
    "permissions_group": 11
  },
  "pk": 54,
  "model": "tangent.position"
},
{
  "fields": {
    "want_applications": false,
    "title": "Webmaster",
    "responsibilities": "",
    "primary_organization": 6,
    "is_superuser": false,
    "key_holder": false,
    "is_staff": true,
    "permissions_group": 11
  },
  "pk": 55,
  "model": "tangent.position"
},
{
  "fields": {
    "want_applications": false,
    "title": "UW First Year Representative",
    "responsibilities": "",
    "primary_organization": 6,
    "is_superuser": false,
    "key_holder": false,
    "is_staff": true,
    "permissions_group": 11
  },
  "pk": 56,
  "model": "tangent.position"
},
{
  "fields": {
    "want_applications": false,
    "title": "WLU First Year Representative",
    "responsibilities": "",
    "primary_organization": 6,
    "is_superuser": false,
    "key_holder": false,
    "is_staff": true,
    "permissions_group": 11
  },
  "pk": 57,
  "model": "tangent.position"
},
{
  "fields": {
    "want_applications": false,
    "title": "Chief Returning Officer",
    "responsibilities": "",
    "primary_organization": 6,
    "is_superuser": false,
    "key_holder": false,
    "is_staff": true,
    "permissions_group": 11
  },
  "pk": 58,
  "model": "tangent.position"
},
{
  "fields": {
    "want_applications": false,
    "title": "President",
    "responsibilities": "",
    "primary_organization": 7,
    "is_superuser": false,
    "key_holder": true,
    "is_staff": true,
    "permissions_group": 14
  },
  "pk": 59,
  "model": "tangent.position"
},
{
  "fields": {
    "want_applications": false,
    "title": "Vice President, Events",
    "responsibilities": "",
    "primary_organization": 7,
    "is_superuser": false,
    "key_holder": true,
    "is_staff": true,
    "permissions_group": 14
  },
  "pk": 60,
  "model": "tangent.position"
},
{
  "fields": {
    "want_applications": false,
    "title": "Vice President, Marketing",
    "responsibilities": "",
    "primary_organization": 7,
    "is_superuser": false,
    "key_holder": true,
    "is_staff": true,
    "permissions_group": 14
  },
  "pk": 61,
  "model": "tangent.position"
},
{
  "fields": {
    "want_applications": false,
    "title": "Vice President, Internal",
    "responsibilities": "",
    "primary_organization": 7,
    "is_superuser": false,
    "key_holder": true,
    "is_staff": true,
    "permissions_group": 14
  },
  "pk": 62,
  "model": "tangent.position"
},
{
  "fields": {
    "want_applications": false,
    "title": "Vice President, Finances",
    "responsibilities": "",
    "primary_organization": 7,
    "is_superuser": false,
    "key_holder": true,
    "is_staff": true,
    "permissions_group": 14
  },
  "pk": 63,
  "model": "tangent.position"
},
{
  "fields": {
    "want_applications": false,
    "title": "Vice President, IT",
    "responsibilities": "",
    "primary_organization": 7,
    "is_superuser": false,
    "key_holder": false,
    "is_staff": true,
    "permissions_group": 14
  },
  "pk": 64,
  "model": "tangent.position"
},
{
  "fields": {
    "want_applications": false,
    "title": "Editor",
    "responsibilities": "",
    "primary_organization": 7,
    "is_superuser": false,
    "key_holder": false,
    "is_staff": true,
    "permissions_group": 13
  },
  "pk": 65,
  "model": "tangent.position"
},
{
  "fields": {
    "want_applications": false,
    "title": "External Analyst",
    "responsibilities": "",
    "primary_organization": 7,
    "is_superuser": false,
    "key_holder": false,
    "is_staff": true,
    "permissions_group": 13
  },
  "pk": 66,
  "model": "tangent.position"
},
{
  "fields": {
    "want_applications": false,
    "title": "Internal Analyst",
    "responsibilities": "",
    "primary_organization": 7,
    "is_superuser": false,
    "key_holder": false,
    "is_staff": true,
    "permissions_group": 13
  },
  "pk": 67,
  "model": "tangent.position"
},
{
  "fields": {
    "want_applications": false,
    "title": "Finance Analyst",
    "responsibilities": "",
    "primary_organization": 7,
    "is_superuser": false,
    "key_holder": false,
    "is_staff": true,
    "permissions_group": 13
  },
  "pk": 68,
  "model": "tangent.position"
},
{
  "fields": {
    "want_applications": false,
    "title": "IT Analyst",
    "responsibilities": "",
    "primary_organization": 7,
    "is_superuser": false,
    "key_holder": false,
    "is_staff": true,
    "permissions_group": 13
  },
  "pk": 69,
  "model": "tangent.position"
},
{
  "fields": {
    "want_applications": false,
    "title": "Senior Advisor",
    "responsibilities": "",
    "primary_organization": 7,
    "is_superuser": false,
    "key_holder": false,
    "is_staff": true,
    "permissions_group": 13
  },
  "pk": 70,
  "model": "tangent.position"
},
{
  "fields": {
    "want_applications": false,
    "title": "President",
    "responsibilities": "",
    "primary_organization": 9,
    "is_superuser": false,
    "key_holder": true,
    "is_staff": true,
    "permissions_group": 18
  },
  "pk": 71,
  "model": "tangent.position"
},
{
  "fields": {
    "want_applications": false,
    "title": "Treasurer",
    "responsibilities": "",
    "primary_organization": 9,
    "is_superuser": false,
    "key_holder": true,
    "is_staff": true,
    "permissions_group": 17
  },
  "pk": 72,
  "model": "tangent.position"
},
{
  "fields": {
    "want_applications": false,
    "title": "Secretary",
    "responsibilities": "",
    "primary_organization": 9,
    "is_superuser": false,
    "key_holder": true,
    "is_staff": true,
    "permissions_group": 17
  },
  "pk": 73,
  "model": "tangent.position"
},
{
  "fields": {
    "want_applications": false,
    "title": "Vice President, Technology",
    "responsibilities": "",
    "primary_organization": 9,
    "is_superuser": false,
    "key_holder": false,
    "is_staff": true,
    "permissions_group": 18
  },
  "pk": 74,
  "model": "tangent.position"
},
{
  "fields": {
    "want_applications": false,
    "title": "Vice President, Events",
    "responsibilities": "",
    "primary_organization": 9,
    "is_superuser": false,
    "key_holder": false,
    "is_staff": true,
    "permissions_group": 18
  },
  "pk": 75,
  "model": "tangent.position"
},
{
  "fields": {
    "want_applications": false,
    "title": "President",
    "responsibilities": "",
    "primary_organization": 10,
    "is_superuser": false,
    "key_holder": true,
    "is_staff": true,
    "permissions_group": 20
  },
  "pk": 76,
  "model": "tangent.position"
},
{
  "fields": {
    "want_applications": false,
    "title": "Vice President",
    "responsibilities": "",
    "primary_organization": 10,
    "is_superuser": false,
    "key_holder": true,
    "is_staff": true,
    "permissions_group": 20
  },
  "pk": 77,
  "model": "tangent.position"
},
{
  "fields": {
    "want_applications": false,
    "title": "Treasurer",
    "responsibilities": "",
    "primary_organization": 10,
    "is_superuser": false,
    "key_holder": true,
    "is_staff": true,
    "permissions_group": 19
  },
  "pk": 78,
  "model": "tangent.position"
},
{
  "fields": {
    "want_applications": false,
    "title": "Secretary",
    "responsibilities": "",
    "primary_organization": 10,
    "is_superuser": false,
    "key_holder": false,
    "is_staff": true,
    "permissions_group": 19
  },
  "pk": 79,
  "model": "tangent.position"
},
{
  "fields": {
    "want_applications": false,
    "title": "T1 Representative",
    "responsibilities": "",
    "primary_organization": 10,
    "is_superuser": false,
    "key_holder": false,
    "is_staff": true,
    "permissions_group": 19
  },
  "pk": 80,
  "model": "tangent.position"
},
{
  "fields": {
    "want_applications": false,
    "title": "Office Manager",
    "responsibilities": "",
    "primary_organization": 10,
    "is_superuser": false,
    "key_holder": true,
    "is_staff": true,
    "permissions_group": 19
  },
  "pk": 81,
  "model": "tangent.position"
},
{
  "fields": {
    "want_applications": false,
    "title": "Social Committee Head",
    "responsibilities": "",
    "primary_organization": 10,
    "is_superuser": false,
    "key_holder": false,
    "is_staff": true,
    "permissions_group": 19
  },
  "pk": 82,
  "model": "tangent.position"
},
{
  "fields": {
    "want_applications": false,
    "title": "Social Committee Member",
    "responsibilities": "",
    "primary_organization": 10,
    "is_superuser": false,
    "key_holder": false,
    "is_staff": true,
    "permissions_group": 19
  },
  "pk": 83,
  "model": "tangent.position"
},
{
  "fields": {
    "want_applications": false,
    "title": "Website Developer",
    "responsibilities": "",
    "primary_organization": 10,
    "is_superuser": false,
    "key_holder": false,
    "is_staff": true,
    "permissions_group": 19
  },
  "pk": 84,
  "model": "tangent.position"
},
{
  "fields": {
    "want_applications": false,
    "title": "President",
    "responsibilities": "",
    "primary_organization": 11,
    "is_superuser": false,
    "key_holder": true,
    "is_staff": true,
    "permissions_group": 22
  },
  "pk": 85,
  "model": "tangent.position"
},
{
  "fields": {
    "want_applications": false,
    "title": "Vice President, Events",
    "responsibilities": "",
    "primary_organization": 11,
    "is_superuser": false,
    "key_holder": true,
    "is_staff": true,
    "permissions_group": 22
  },
  "pk": 86,
  "model": "tangent.position"
},
{
  "fields": {
    "want_applications": false,
    "title": "Vice President, Academic",
    "responsibilities": "",
    "primary_organization": 11,
    "is_superuser": false,
    "key_holder": true,
    "is_staff": true,
    "permissions_group": 22
  },
  "pk": 87,
  "model": "tangent.position"
},
{
  "fields": {
    "want_applications": false,
    "title": "Vice President, Marketing",
    "responsibilities": "",
    "primary_organization": 11,
    "is_superuser": false,
    "key_holder": false,
    "is_staff": true,
    "permissions_group": 22
  },
  "pk": 88,
  "model": "tangent.position"
},
{
  "fields": {
    "want_applications": false,
    "title": "Vice President, Technology",
    "responsibilities": "",
    "primary_organization": 11,
    "is_superuser": false,
    "key_holder": false,
    "is_staff": true,
    "permissions_group": 22
  },
  "pk": 89,
  "model": "tangent.position"
},
{
  "fields": {
    "want_applications": false,
    "title": "Vice President, Finances",
    "responsibilities": "",
    "primary_organization": 11,
    "is_superuser": false,
    "key_holder": true,
    "is_staff": true,
    "permissions_group": 22
  },
  "pk": 90,
  "model": "tangent.position"
},
{
  "fields": {
    "want_applications": false,
    "title": "Office Manager",
    "responsibilities": "",
    "primary_organization": 11,
    "is_superuser": false,
    "key_holder": true,
    "is_staff": true,
    "permissions_group": 21
  },
  "pk": 91,
  "model": "tangent.position"
},
{
  "fields": {
    "want_applications": false,
    "title": "Event Coordinator",
    "responsibilities": "",
    "primary_organization": 11,
    "is_superuser": false,
    "key_holder": false,
    "is_staff": true,
    "permissions_group": 21
  },
  "pk": 92,
  "model": "tangent.position"
},
{
  "fields": {
    "want_applications": false,
    "title": "Actuarial Science Representative",
    "responsibilities": "Actuarial Science Representatives are voting members of Council, elected by Actuarial Science students to represent their interests. Actuarial Science students include those in Honours or Joint Honours Actuarial Science programs, including Mathematical Finance. ",
    "primary_organization": 2,
    "is_superuser": false,
    "key_holder": false,
    "is_staff": true,
    "permissions_group": 25
  },
  "pk": 93,
  "model": "tangent.position"
},
{
  "fields": {
    "want_applications": false,
    "title": "Computer Science Representative",
    "responsibilities": "Computer Science Representatives are voting members of Council, elected by Computer Science students to represent their interests. Computer Science students include all students in Honours or Joint Honours programs offered by the David R. Cheriton School of Computer Science, including Computer Science, Bioinformatics, the Computer Science and Business Double Degree, and Computational Mathematics.",
    "primary_organization": 2,
    "is_superuser": false,
    "key_holder": false,
    "is_staff": true,
    "permissions_group": 25
  },
  "pk": 94,
  "model": "tangent.position"
},
{
  "fields": {
    "want_applications": false,
    "title": "Computing and Financial Management Representative",
    "responsibilities": "Computing and Financial Management Representatives are voting members of Council, elected by CFM students to represent their interests. ",
    "primary_organization": 2,
    "is_superuser": false,
    "key_holder": false,
    "is_staff": true,
    "permissions_group": 25
  },
  "pk": 95,
  "model": "tangent.position"
},
{
  "fields": {
    "want_applications": false,
    "title": "First Year Representative",
    "responsibilities": "First Year Representatives are voting members of Council, elected by first-year students of all programs to represent their interests. ",
    "primary_organization": 2,
    "is_superuser": false,
    "key_holder": false,
    "is_staff": true,
    "permissions_group": 25
  },
  "pk": 96,
  "model": "tangent.position"
},
{
  "fields": {
    "want_applications": false,
    "title": "Mathematical Studies and Other Representative",
    "responsibilities": "Mathematical Studies and Other Representatives are voting members of Council. They are elected by students in the Mathematical Studies program, as well as students not represented in other constituencies (including undeclared students), and serve on Council to represent those students' interests. ",
    "primary_organization": 2,
    "is_superuser": false,
    "key_holder": false,
    "is_staff": true,
    "permissions_group": 25
  },
  "pk": 97,
  "model": "tangent.position"
},
{
  "fields": {
    "want_applications": false,
    "title": "Mathematics/Business Representative",
    "responsibilities": "Mathematics/Business Representatives are voting members of Council, elected by Mathematics/Business students to represent their interests. Mathematics/Business students include those in Honours or Joint Honours Mathematics/Business programs, including FARM, Math/Chartered Accountancy, Information Technology Management, Mathematical Economics, and the Math and CS Double Degree programs. ",
    "primary_organization": 2,
    "is_superuser": false,
    "key_holder": false,
    "is_staff": true,
    "permissions_group": 25
  },
  "pk": 98,
  "model": "tangent.position"
},
{
  "fields": {
    "want_applications": false,
    "title": "Pure Mathematics, Applied Mathematics and Combinatorics and Optimization Representative",
    "responsibilities": "Pure Mathematics, Applied Mathematics, and Combinatorics and Optimization Representatives are voting members of Council, elected by PM, AM, and CO students to represent their interests. PM, AM, and CO students include those in Honours or Joint Honours PM, AM, or CO programs, including Mathematical Optimization, Mathematical Finance, Mathematical Physics offered by the Faculty of Math, and Computational Mathematics ",
    "primary_organization": 2,
    "is_superuser": false,
    "key_holder": false,
    "is_staff": true,
    "permissions_group": 25
  },
  "pk": 99,
  "model": "tangent.position"
},
{
  "fields": {
    "want_applications": false,
    "title": "Software Engineering Representative",
    "responsibilities": "Software Engineering Representatives are voting members of Council, elected by SE students to represent their interests. ",
    "primary_organization": 2,
    "is_superuser": false,
    "key_holder": false,
    "is_staff": true,
    "permissions_group": 25
  },
  "pk": 100,
  "model": "tangent.position"
},
{
  "fields": {
    "want_applications": false,
    "title": "Statistics Representative",
    "responsibilities": "Statistics Representatives are voting members of Council, elected by Statistics students to represent their interests.",
    "primary_organization": 2,
    "is_superuser": false,
    "key_holder": false,
    "is_staff": true,
    "permissions_group": 25
  },
  "pk": 101,
  "model": "tangent.position"
},
{
  "fields": {
    "want_applications": false,
    "title": "Teaching Option Representative",
    "responsibilities": "Teaching Option Representatives are voting members of Council, elected by Teaching Option students to represent their interests. ",
    "primary_organization": 2,
    "is_superuser": false,
    "key_holder": false,
    "is_staff": true,
    "permissions_group": 25
  },
  "pk": 102,
  "model": "tangent.position"
},
{
  "fields": {
    "want_applications": false,
    "title": "Chief Returning Officer",
    "responsibilities": "CRO stands for Chief Returning Officer, and this is the person in charge of elections.\r\nThe CRO works with other members of the Election committee to publicize elections, verify nominees, run polling stations and most importantly to ensure that elections are fair and problem-free.",
    "primary_organization": 2,
    "is_superuser": false,
    "key_holder": false,
    "is_staff": true,
    "permissions_group": 24
  },
  "pk": 103,
  "model": "tangent.position"
},
{
  "fields": {
    "want_applications": true,
    "title": "Secretary",
    "responsibilities": "The secretary is responsible for taking minutes at council meetings, sending the minutes out to Council to approve, and for posting the minutes on the webpage, as well as being the person in charge of maintaining the Council list on the website. ",
    "primary_organization": 2,
    "is_superuser": false,
    "key_holder": false,
    "is_staff": true,
    "permissions_group": 2
  },
  "pk": 105,
  "model": "tangent.position"
},
{
  "fields": {
    "want_applications": true,
    "title": "Speaker",
    "responsibilities": "The Speaker of the Mathematics Society Council is charged with running the meetings of Council according to Robert's Rules of Orders and the Bylaws of the Society.",
    "primary_organization": 2,
    "is_superuser": false,
    "key_holder": false,
    "is_staff": true,
    "permissions_group": 2
  },
  "pk": 106,
  "model": "tangent.position"
},
{
  "fields": {
    "want_applications": false,
    "title": "Office Manager",
    "responsibilities": "The office manager is in charge of the office in shifts, helping members with printing, novelty sales, checkouts, etc.",
    "primary_organization": 1,
    "is_superuser": false,
    "key_holder": true,
    "is_staff": true,
    "permissions_group": 1
  },
  "pk": 107,
  "model": "tangent.position"
},
{
  "fields": {
    "want_applications": false,
    "title": "Office Worker",
    "responsibilities": "The office worker works under the office manager to help run the day-to-day operations of the office.",
    "primary_organization": 1,
    "is_superuser": false,
    "key_holder": false,
    "is_staff": false,
    "permissions_group": null
  },
  "pk": 108,
  "model": "tangent.position"
}
]
